Header Length,5
Powered by Labfront
Documentation,https://help.labfront.com/data-documentation
projectId,projectTitle,participantId,participantInsignia
ec9102ee-3288-4101-af76-62a48ac4c60a,Trial 1,3c9bbf15-e24e-4cb3-95c5-06820fcfb0f3,Paige

timezoneOffsetInMs,unixTimestampInMs,isoDate,stressLevel,bodyBattery
-14400000,1726459200000,2024-09-16T00:00:00.000-04:00,-1,19
-14400000,1726459380000,2024-09-16T00:03:00.000-04:00,-1,19
-14400000,1726459560000,2024-09-16T00:06:00.000-04:00,-1,19
-14400000,1726459740000,2024-09-16T00:09:00.000-04:00,-1,19
-14400000,1726459920000,2024-09-16T00:12:00.000-04:00,-1,19
-14400000,1726460100000,2024-09-16T00:15:00.000-04:00,-1,20
-14400000,1726460280000,2024-09-16T00:18:00.000-04:00,-1,21
-14400000,1726460460000,2024-09-16T00:21:00.000-04:00,-1,21
-14400000,1726460640000,2024-09-16T00:24:00.000-04:00,-1,21
-14400000,1726460820000,2024-09-16T00:27:00.000-04:00,-1,22
-14400000,1726461000000,2024-09-16T00:30:00.000-04:00,-1,22
-14400000,1726461180000,2024-09-16T00:33:00.000-04:00,-1,22
-14400000,1726461360000,2024-09-16T00:36:00.000-04:00,-1,23
-14400000,1726461540000,2024-09-16T00:39:00.000-04:00,-1,23
-14400000,1726461720000,2024-09-16T00:42:00.000-04:00,-1,23
-14400000,1726461900000,2024-09-16T00:45:00.000-04:00,-1,24
-14400000,1726462080000,2024-09-16T00:48:00.000-04:00,-1,24
-14400000,1726462260000,2024-09-16T00:51:00.000-04:00,-1,24
-14400000,1726462440000,2024-09-16T00:54:00.000-04:00,-1,26
-14400000,1726462620000,2024-09-16T00:57:00.000-04:00,-1,26
-14400000,1726462800000,2024-09-16T01:00:00.000-04:00,-1,27
-14400000,1726462980000,2024-09-16T01:03:00.000-04:00,-1,27
-14400000,1726463160000,2024-09-16T01:06:00.000-04:00,-1,27
-14400000,1726463340000,2024-09-16T01:09:00.000-04:00,-1,28
-14400000,1726463520000,2024-09-16T01:12:00.000-04:00,49,28
-14400000,1726463700000,2024-09-16T01:15:00.000-04:00,-1,29
-14400000,1726463880000,2024-09-16T01:18:00.000-04:00,-2,29
-14400000,1726464060000,2024-09-16T01:21:00.000-04:00,-1,29
-14400000,1726464240000,2024-09-16T01:24:00.000-04:00,34,29
-14400000,1726464420000,2024-09-16T01:27:00.000-04:00,29,29
-14400000,1726464600000,2024-09-16T01:30:00.000-04:00,33,29
-14400000,1726464780000,2024-09-16T01:33:00.000-04:00,24,29
-14400000,1726464960000,2024-09-16T01:36:00.000-04:00,24,29
-14400000,1726465140000,2024-09-16T01:39:00.000-04:00,21,29
-14400000,1726465320000,2024-09-16T01:42:00.000-04:00,21,29
-14400000,1726465500000,2024-09-16T01:45:00.000-04:00,23,29
-14400000,1726465680000,2024-09-16T01:48:00.000-04:00,22,29
-14400000,1726465860000,2024-09-16T01:51:00.000-04:00,20,30
-14400000,1726466040000,2024-09-16T01:54:00.000-04:00,19,31
-14400000,1726466220000,2024-09-16T01:57:00.000-04:00,17,31
-14400000,1726466400000,2024-09-16T02:00:00.000-04:00,17,31
-14400000,1726466580000,2024-09-16T02:03:00.000-04:00,18,32
-14400000,1726466760000,2024-09-16T02:06:00.000-04:00,18,33
-14400000,1726466940000,2024-09-16T02:09:00.000-04:00,17,33
-14400000,1726467120000,2024-09-16T02:12:00.000-04:00,19,34
-14400000,1726467300000,2024-09-16T02:15:00.000-04:00,19,34
-14400000,1726467480000,2024-09-16T02:18:00.000-04:00,19,34
-14400000,1726467660000,2024-09-16T02:21:00.000-04:00,20,35
-14400000,1726467840000,2024-09-16T02:24:00.000-04:00,17,35
-14400000,1726468020000,2024-09-16T02:27:00.000-04:00,18,36
-14400000,1726468200000,2024-09-16T02:30:00.000-04:00,15,37
-14400000,1726468380000,2024-09-16T02:33:00.000-04:00,17,37
-14400000,1726468560000,2024-09-16T02:36:00.000-04:00,18,38
-14400000,1726468740000,2024-09-16T02:39:00.000-04:00,20,38
-14400000,1726468920000,2024-09-16T02:42:00.000-04:00,20,39
-14400000,1726469100000,2024-09-16T02:45:00.000-04:00,22,39
-14400000,1726469280000,2024-09-16T02:48:00.000-04:00,21,41
-14400000,1726469460000,2024-09-16T02:51:00.000-04:00,19,41
-14400000,1726469640000,2024-09-16T02:54:00.000-04:00,21,41
-14400000,1726469820000,2024-09-16T02:57:00.000-04:00,20,42
-14400000,1726470000000,2024-09-16T03:00:00.000-04:00,23,42
-14400000,1726470180000,2024-09-16T03:03:00.000-04:00,16,43
-14400000,1726470360000,2024-09-16T03:06:00.000-04:00,18,44
-14400000,1726470540000,2024-09-16T03:09:00.000-04:00,22,44
-14400000,1726470720000,2024-09-16T03:12:00.000-04:00,16,44
-14400000,1726470900000,2024-09-16T03:15:00.000-04:00,18,46
-14400000,1726471080000,2024-09-16T03:18:00.000-04:00,17,46
-14400000,1726471260000,2024-09-16T03:21:00.000-04:00,36,46
-14400000,1726471440000,2024-09-16T03:24:00.000-04:00,17,47
-14400000,1726471620000,2024-09-16T03:27:00.000-04:00,14,47
-14400000,1726471800000,2024-09-16T03:30:00.000-04:00,15,48
-14400000,1726471980000,2024-09-16T03:33:00.000-04:00,14,48
-14400000,1726472160000,2024-09-16T03:36:00.000-04:00,17,49
-14400000,1726472340000,2024-09-16T03:39:00.000-04:00,18,50
-14400000,1726472520000,2024-09-16T03:42:00.000-04:00,17,50
-14400000,1726472700000,2024-09-16T03:45:00.000-04:00,16,51
-14400000,1726472880000,2024-09-16T03:48:00.000-04:00,18,51
-14400000,1726473060000,2024-09-16T03:51:00.000-04:00,19,51
-14400000,1726473240000,2024-09-16T03:54:00.000-04:00,18,51
-14400000,1726473420000,2024-09-16T03:57:00.000-04:00,17,52
-14400000,1726473600000,2024-09-16T04:00:00.000-04:00,22,53
-14400000,1726473780000,2024-09-16T04:03:00.000-04:00,16,53
-14400000,1726473960000,2024-09-16T04:06:00.000-04:00,20,53
-14400000,1726474140000,2024-09-16T04:09:00.000-04:00,25,53
-14400000,1726474320000,2024-09-16T04:12:00.000-04:00,37,53
-14400000,1726474500000,2024-09-16T04:15:00.000-04:00,32,54
-14400000,1726474680000,2024-09-16T04:18:00.000-04:00,21,54
-14400000,1726474860000,2024-09-16T04:21:00.000-04:00,36,54
-14400000,1726475040000,2024-09-16T04:24:00.000-04:00,22,54
-14400000,1726475220000,2024-09-16T04:27:00.000-04:00,19,55
-14400000,1726475400000,2024-09-16T04:30:00.000-04:00,14,55
-14400000,1726475580000,2024-09-16T04:33:00.000-04:00,21,56
-14400000,1726475760000,2024-09-16T04:36:00.000-04:00,20,56
-14400000,1726475940000,2024-09-16T04:39:00.000-04:00,23,56
-14400000,1726476120000,2024-09-16T04:42:00.000-04:00,18,56
-14400000,1726476300000,2024-09-16T04:45:00.000-04:00,20,57
-14400000,1726476480000,2024-09-16T04:48:00.000-04:00,25,57
-14400000,1726476660000,2024-09-16T04:51:00.000-04:00,22,57
-14400000,1726476840000,2024-09-16T04:54:00.000-04:00,20,57
-14400000,1726477020000,2024-09-16T04:57:00.000-04:00,25,58
-14400000,1726477200000,2024-09-16T05:00:00.000-04:00,23,58
-14400000,1726477380000,2024-09-16T05:03:00.000-04:00,26,58
-14400000,1726477560000,2024-09-16T05:06:00.000-04:00,27,58
-14400000,1726477740000,2024-09-16T05:09:00.000-04:00,27,58
-14400000,1726477920000,2024-09-16T05:12:00.000-04:00,25,59
-14400000,1726478100000,2024-09-16T05:15:00.000-04:00,25,59
-14400000,1726478280000,2024-09-16T05:18:00.000-04:00,23,59
-14400000,1726478460000,2024-09-16T05:21:00.000-04:00,20,59
-14400000,1726478640000,2024-09-16T05:24:00.000-04:00,17,59
-14400000,1726478820000,2024-09-16T05:27:00.000-04:00,17,60
-14400000,1726479000000,2024-09-16T05:30:00.000-04:00,17,60
-14400000,1726479180000,2024-09-16T05:33:00.000-04:00,19,61
-14400000,1726479360000,2024-09-16T05:36:00.000-04:00,18,61
-14400000,1726479540000,2024-09-16T05:39:00.000-04:00,20,61
-14400000,1726479720000,2024-09-16T05:42:00.000-04:00,15,62
-14400000,1726479900000,2024-09-16T05:45:00.000-04:00,15,62
-14400000,1726480080000,2024-09-16T05:48:00.000-04:00,18,62
-14400000,1726480260000,2024-09-16T05:51:00.000-04:00,16,63
-14400000,1726480440000,2024-09-16T05:54:00.000-04:00,20,63
-14400000,1726480620000,2024-09-16T05:57:00.000-04:00,24,64
-14400000,1726480800000,2024-09-16T06:00:00.000-04:00,22,64
-14400000,1726480980000,2024-09-16T06:03:00.000-04:00,31,64
-14400000,1726481160000,2024-09-16T06:06:00.000-04:00,24,64
-14400000,1726481340000,2024-09-16T06:09:00.000-04:00,21,64
-14400000,1726481520000,2024-09-16T06:12:00.000-04:00,24,64
-14400000,1726481700000,2024-09-16T06:15:00.000-04:00,22,64
-14400000,1726481880000,2024-09-16T06:18:00.000-04:00,21,65
-14400000,1726482060000,2024-09-16T06:21:00.000-04:00,23,65
-14400000,1726482240000,2024-09-16T06:24:00.000-04:00,22,65
-14400000,1726482420000,2024-09-16T06:27:00.000-04:00,19,65
-14400000,1726482600000,2024-09-16T06:30:00.000-04:00,17,65
-14400000,1726482780000,2024-09-16T06:33:00.000-04:00,17,66
-14400000,1726482960000,2024-09-16T06:36:00.000-04:00,17,66
-14400000,1726483140000,2024-09-16T06:39:00.000-04:00,17,66
-14400000,1726483320000,2024-09-16T06:42:00.000-04:00,18,67
-14400000,1726483500000,2024-09-16T06:45:00.000-04:00,13,67
-14400000,1726483680000,2024-09-16T06:48:00.000-04:00,13,68
-14400000,1726483860000,2024-09-16T06:51:00.000-04:00,18,68
-14400000,1726484040000,2024-09-16T06:54:00.000-04:00,16,68
-14400000,1726484220000,2024-09-16T06:57:00.000-04:00,19,69
-14400000,1726484400000,2024-09-16T07:00:00.000-04:00,14,69
-14400000,1726484580000,2024-09-16T07:03:00.000-04:00,16,69
-14400000,1726484760000,2024-09-16T07:06:00.000-04:00,15,69
-14400000,1726484940000,2024-09-16T07:09:00.000-04:00,13,70
-14400000,1726485120000,2024-09-16T07:12:00.000-04:00,16,70
-14400000,1726485300000,2024-09-16T07:15:00.000-04:00,12,70
-14400000,1726485480000,2024-09-16T07:18:00.000-04:00,13,71
-14400000,1726485660000,2024-09-16T07:21:00.000-04:00,15,71
-14400000,1726485840000,2024-09-16T07:24:00.000-04:00,10,71
-14400000,1726486020000,2024-09-16T07:27:00.000-04:00,17,72
-14400000,1726486200000,2024-09-16T07:30:00.000-04:00,13,72
-14400000,1726486380000,2024-09-16T07:33:00.000-04:00,13,73
-14400000,1726486560000,2024-09-16T07:36:00.000-04:00,11,73
-14400000,1726486740000,2024-09-16T07:39:00.000-04:00,10,74
-14400000,1726486920000,2024-09-16T07:42:00.000-04:00,8,75
-14400000,1726487100000,2024-09-16T07:45:00.000-04:00,8,75
-14400000,1726487280000,2024-09-16T07:48:00.000-04:00,11,75
-14400000,1726487460000,2024-09-16T07:51:00.000-04:00,11,75
-14400000,1726487640000,2024-09-16T07:54:00.000-04:00,10,76
-14400000,1726487820000,2024-09-16T07:57:00.000-04:00,9,76
-14400000,1726488000000,2024-09-16T08:00:00.000-04:00,11,77
-14400000,1726488180000,2024-09-16T08:03:00.000-04:00,10,77
-14400000,1726488360000,2024-09-16T08:06:00.000-04:00,11,78
-14400000,1726488540000,2024-09-16T08:09:00.000-04:00,8,79
-14400000,1726488720000,2024-09-16T08:12:00.000-04:00,19,79
-14400000,1726488900000,2024-09-16T08:15:00.000-04:00,17,79
-14400000,1726489080000,2024-09-16T08:18:00.000-04:00,24,79
-14400000,1726489260000,2024-09-16T08:21:00.000-04:00,17,79
-14400000,1726489440000,2024-09-16T08:24:00.000-04:00,11,79
-14400000,1726489620000,2024-09-16T08:27:00.000-04:00,10,80
-14400000,1726489800000,2024-09-16T08:30:00.000-04:00,11,80
-14400000,1726489980000,2024-09-16T08:33:00.000-04:00,10,80
-14400000,1726490160000,2024-09-16T08:36:00.000-04:00,25,81
-14400000,1726490340000,2024-09-16T08:39:00.000-04:00,-2,81
-14400000,1726490520000,2024-09-16T08:42:00.000-04:00,-1,80
-14400000,1726490700000,2024-09-16T08:45:00.000-04:00,79,80
-14400000,1726490880000,2024-09-16T08:48:00.000-04:00,81,79
-14400000,1726491060000,2024-09-16T08:51:00.000-04:00,-1,79
-14400000,1726491240000,2024-09-16T08:54:00.000-04:00,28,79
-14400000,1726491420000,2024-09-16T08:57:00.000-04:00,-2,78
-14400000,1726491600000,2024-09-16T09:00:00.000-04:00,-2,78
-14400000,1726491780000,2024-09-16T09:03:00.000-04:00,-2,78
-14400000,1726491960000,2024-09-16T09:06:00.000-04:00,-2,78
-14400000,1726492140000,2024-09-16T09:09:00.000-04:00,-2,77
-14400000,1726492320000,2024-09-16T09:12:00.000-04:00,-2,77
-14400000,1726492500000,2024-09-16T09:15:00.000-04:00,78,77
-14400000,1726492680000,2024-09-16T09:18:00.000-04:00,69,76
-14400000,1726492860000,2024-09-16T09:21:00.000-04:00,31,76
-14400000,1726493040000,2024-09-16T09:24:00.000-04:00,34,76
-14400000,1726493220000,2024-09-16T09:27:00.000-04:00,28,76
-14400000,1726493400000,2024-09-16T09:30:00.000-04:00,30,75
-14400000,1726493580000,2024-09-16T09:33:00.000-04:00,20,75
-14400000,1726493760000,2024-09-16T09:36:00.000-04:00,22,75
-14400000,1726493940000,2024-09-16T09:39:00.000-04:00,28,75
-14400000,1726494120000,2024-09-16T09:42:00.000-04:00,34,75
-14400000,1726494300000,2024-09-16T09:45:00.000-04:00,-1,75
-14400000,1726494480000,2024-09-16T09:48:00.000-04:00,-2,74
-14400000,1726494660000,2024-09-16T09:51:00.000-04:00,-1,74
-14400000,1726494840000,2024-09-16T09:54:00.000-04:00,27,73
-14400000,1726495020000,2024-09-16T09:57:00.000-04:00,24,73
-14400000,1726495200000,2024-09-16T10:00:00.000-04:00,25,73
-14400000,1726495380000,2024-09-16T10:03:00.000-04:00,22,73
-14400000,1726495560000,2024-09-16T10:06:00.000-04:00,23,73
-14400000,1726495740000,2024-09-16T10:09:00.000-04:00,19,73
-14400000,1726495920000,2024-09-16T10:12:00.000-04:00,17,73
-14400000,1726496100000,2024-09-16T10:15:00.000-04:00,13,73
-14400000,1726496280000,2024-09-16T10:18:00.000-04:00,20,73
-14400000,1726496460000,2024-09-16T10:21:00.000-04:00,21,73
-14400000,1726496640000,2024-09-16T10:24:00.000-04:00,15,73
-14400000,1726496820000,2024-09-16T10:27:00.000-04:00,15,73
-14400000,1726497000000,2024-09-16T10:30:00.000-04:00,16,73
-14400000,1726497180000,2024-09-16T10:33:00.000-04:00,15,73
-14400000,1726497360000,2024-09-16T10:36:00.000-04:00,11,73
-14400000,1726497540000,2024-09-16T10:39:00.000-04:00,18,73
-14400000,1726497720000,2024-09-16T10:42:00.000-04:00,19,73
-14400000,1726497900000,2024-09-16T10:45:00.000-04:00,18,73
-14400000,1726498080000,2024-09-16T10:48:00.000-04:00,13,73
-14400000,1726498260000,2024-09-16T10:51:00.000-04:00,15,73
-14400000,1726498440000,2024-09-16T10:54:00.000-04:00,15,73
-14400000,1726498620000,2024-09-16T10:57:00.000-04:00,18,73
-14400000,1726498800000,2024-09-16T11:00:00.000-04:00,19,73
-14400000,1726498980000,2024-09-16T11:03:00.000-04:00,20,73
-14400000,1726499160000,2024-09-16T11:06:00.000-04:00,15,73
-14400000,1726499340000,2024-09-16T11:09:00.000-04:00,15,73
-14400000,1726499520000,2024-09-16T11:12:00.000-04:00,18,73
-14400000,1726499700000,2024-09-16T11:15:00.000-04:00,15,73
-14400000,1726499880000,2024-09-16T11:18:00.000-04:00,16,73
-14400000,1726500060000,2024-09-16T11:21:00.000-04:00,19,73
-14400000,1726500240000,2024-09-16T11:24:00.000-04:00,19,73
-14400000,1726500420000,2024-09-16T11:27:00.000-04:00,21,73
-14400000,1726500600000,2024-09-16T11:30:00.000-04:00,12,73
-14400000,1726500780000,2024-09-16T11:33:00.000-04:00,15,73
-14400000,1726500960000,2024-09-16T11:36:00.000-04:00,17,73
-14400000,1726501140000,2024-09-16T11:39:00.000-04:00,14,73
-14400000,1726501320000,2024-09-16T11:42:00.000-04:00,16,73
-14400000,1726501500000,2024-09-16T11:45:00.000-04:00,16,73
-14400000,1726501680000,2024-09-16T11:48:00.000-04:00,21,73
-14400000,1726501860000,2024-09-16T11:51:00.000-04:00,15,73
-14400000,1726502040000,2024-09-16T11:54:00.000-04:00,13,73
-14400000,1726502220000,2024-09-16T11:57:00.000-04:00,14,73
-14400000,1726502400000,2024-09-16T12:00:00.000-04:00,16,73
-14400000,1726502580000,2024-09-16T12:03:00.000-04:00,17,73
-14400000,1726502760000,2024-09-16T12:06:00.000-04:00,18,73
-14400000,1726502940000,2024-09-16T12:09:00.000-04:00,-2,73
-14400000,1726503120000,2024-09-16T12:12:00.000-04:00,-1,73
-14400000,1726503300000,2024-09-16T12:15:00.000-04:00,37,72
-14400000,1726503480000,2024-09-16T12:18:00.000-04:00,8,72
-14400000,1726503660000,2024-09-16T12:21:00.000-04:00,8,72
-14400000,1726503840000,2024-09-16T12:24:00.000-04:00,3,72
-14400000,1726504020000,2024-09-16T12:27:00.000-04:00,13,72
-14400000,1726504200000,2024-09-16T12:30:00.000-04:00,-1,72
-14400000,1726504380000,2024-09-16T12:33:00.000-04:00,-2,72
-14400000,1726504560000,2024-09-16T12:36:00.000-04:00,-2,72
-14400000,1726504740000,2024-09-16T12:39:00.000-04:00,-1,72
-14400000,1726504920000,2024-09-16T12:42:00.000-04:00,40,72
-14400000,1726505100000,2024-09-16T12:45:00.000-04:00,-1,71
-14400000,1726505280000,2024-09-16T12:48:00.000-04:00,-1,71
-14400000,1726505460000,2024-09-16T12:51:00.000-04:00,12,71
-14400000,1726505640000,2024-09-16T12:54:00.000-04:00,15,71
-14400000,1726505820000,2024-09-16T12:57:00.000-04:00,18,71
-14400000,1726506000000,2024-09-16T13:00:00.000-04:00,18,71
-14400000,1726506180000,2024-09-16T13:03:00.000-04:00,18,71
-14400000,1726506360000,2024-09-16T13:06:00.000-04:00,22,71
-14400000,1726506540000,2024-09-16T13:09:00.000-04:00,17,71
-14400000,1726506720000,2024-09-16T13:12:00.000-04:00,21,71
-14400000,1726506900000,2024-09-16T13:15:00.000-04:00,20,71
-14400000,1726507080000,2024-09-16T13:18:00.000-04:00,24,71
-14400000,1726507260000,2024-09-16T13:21:00.000-04:00,19,70
-14400000,1726507440000,2024-09-16T13:24:00.000-04:00,24,70
-14400000,1726507620000,2024-09-16T13:27:00.000-04:00,28,70
-14400000,1726507800000,2024-09-16T13:30:00.000-04:00,24,70
-14400000,1726507980000,2024-09-16T13:33:00.000-04:00,22,70
-14400000,1726508160000,2024-09-16T13:36:00.000-04:00,25,69
-14400000,1726508340000,2024-09-16T13:39:00.000-04:00,16,69
-14400000,1726508520000,2024-09-16T13:42:00.000-04:00,30,69
-14400000,1726508700000,2024-09-16T13:45:00.000-04:00,25,69
-14400000,1726508880000,2024-09-16T13:48:00.000-04:00,24,69
-14400000,1726509060000,2024-09-16T13:51:00.000-04:00,23,69
-14400000,1726509240000,2024-09-16T13:54:00.000-04:00,21,68
-14400000,1726509420000,2024-09-16T13:57:00.000-04:00,23,68
-14400000,1726509600000,2024-09-16T14:00:00.000-04:00,17,68
-14400000,1726509780000,2024-09-16T14:03:00.000-04:00,-1,68
-14400000,1726509960000,2024-09-16T14:06:00.000-04:00,19,68
-14400000,1726510140000,2024-09-16T14:09:00.000-04:00,19,68
-14400000,1726510320000,2024-09-16T14:12:00.000-04:00,18,68
-14400000,1726510500000,2024-09-16T14:15:00.000-04:00,16,68
-14400000,1726510680000,2024-09-16T14:18:00.000-04:00,19,67
-14400000,1726510860000,2024-09-16T14:21:00.000-04:00,21,67
-14400000,1726511040000,2024-09-16T14:24:00.000-04:00,21,67
-14400000,1726511220000,2024-09-16T14:27:00.000-04:00,22,67
-14400000,1726511400000,2024-09-16T14:30:00.000-04:00,22,67
-14400000,1726511580000,2024-09-16T14:33:00.000-04:00,25,67
-14400000,1726511760000,2024-09-16T14:36:00.000-04:00,19,67
-14400000,1726511940000,2024-09-16T14:39:00.000-04:00,24,67
-14400000,1726512120000,2024-09-16T14:42:00.000-04:00,20,67
-14400000,1726512300000,2024-09-16T14:45:00.000-04:00,20,66
-14400000,1726512480000,2024-09-16T14:48:00.000-04:00,24,66
-14400000,1726512660000,2024-09-16T14:51:00.000-04:00,20,66
-14400000,1726512840000,2024-09-16T14:54:00.000-04:00,20,66
-14400000,1726513020000,2024-09-16T14:57:00.000-04:00,20,66
-14400000,1726513200000,2024-09-16T15:00:00.000-04:00,19,66
-14400000,1726513380000,2024-09-16T15:03:00.000-04:00,20,66
-14400000,1726513560000,2024-09-16T15:06:00.000-04:00,17,66
-14400000,1726513740000,2024-09-16T15:09:00.000-04:00,25,66
-14400000,1726513920000,2024-09-16T15:12:00.000-04:00,20,65
-14400000,1726514100000,2024-09-16T15:15:00.000-04:00,20,65
-14400000,1726514280000,2024-09-16T15:18:00.000-04:00,22,65
-14400000,1726514460000,2024-09-16T15:21:00.000-04:00,25,65
-14400000,1726514640000,2024-09-16T15:24:00.000-04:00,16,65
-14400000,1726514820000,2024-09-16T15:27:00.000-04:00,13,65
-14400000,1726515000000,2024-09-16T15:30:00.000-04:00,15,64
-14400000,1726515180000,2024-09-16T15:33:00.000-04:00,-1,64
-14400000,1726515360000,2024-09-16T15:36:00.000-04:00,18,64
-14400000,1726515540000,2024-09-16T15:39:00.000-04:00,17,64
-14400000,1726515720000,2024-09-16T15:42:00.000-04:00,16,64
-14400000,1726515900000,2024-09-16T15:45:00.000-04:00,18,64
-14400000,1726516080000,2024-09-16T15:48:00.000-04:00,25,64
-14400000,1726516260000,2024-09-16T15:51:00.000-04:00,-1,64
-14400000,1726516440000,2024-09-16T15:54:00.000-04:00,-2,64
-14400000,1726516620000,2024-09-16T15:57:00.000-04:00,-2,63
-14400000,1726516800000,2024-09-16T16:00:00.000-04:00,-2,63
-14400000,1726516980000,2024-09-16T16:03:00.000-04:00,-2,63
-14400000,1726517160000,2024-09-16T16:06:00.000-04:00,-2,63
-14400000,1726517340000,2024-09-16T16:09:00.000-04:00,22,63
-14400000,1726517520000,2024-09-16T16:12:00.000-04:00,13,63
-14400000,1726517700000,2024-09-16T16:15:00.000-04:00,23,63
-14400000,1726517880000,2024-09-16T16:18:00.000-04:00,24,63
-14400000,1726518060000,2024-09-16T16:21:00.000-04:00,-1,63
-14400000,1726518240000,2024-09-16T16:24:00.000-04:00,18,62
-14400000,1726518420000,2024-09-16T16:27:00.000-04:00,17,62
-14400000,1726518600000,2024-09-16T16:30:00.000-04:00,14,62
-14400000,1726518780000,2024-09-16T16:33:00.000-04:00,25,62
-14400000,1726518960000,2024-09-16T16:36:00.000-04:00,22,62
-14400000,1726519140000,2024-09-16T16:39:00.000-04:00,21,62
-14400000,1726519320000,2024-09-16T16:42:00.000-04:00,25,62
-14400000,1726519500000,2024-09-16T16:45:00.000-04:00,19,62
-14400000,1726519680000,2024-09-16T16:48:00.000-04:00,-1,62
-14400000,1726519860000,2024-09-16T16:51:00.000-04:00,15,62
-14400000,1726520040000,2024-09-16T16:54:00.000-04:00,18,61
-14400000,1726520220000,2024-09-16T16:57:00.000-04:00,19,61
-14400000,1726520400000,2024-09-16T17:00:00.000-04:00,16,61
-14400000,1726520580000,2024-09-16T17:03:00.000-04:00,21,61
-14400000,1726520760000,2024-09-16T17:06:00.000-04:00,21,61
-14400000,1726520940000,2024-09-16T17:09:00.000-04:00,24,61
-14400000,1726521120000,2024-09-16T17:12:00.000-04:00,17,60
-14400000,1726521300000,2024-09-16T17:15:00.000-04:00,17,60
-14400000,1726521480000,2024-09-16T17:18:00.000-04:00,17,60
-14400000,1726521660000,2024-09-16T17:21:00.000-04:00,20,60
-14400000,1726521840000,2024-09-16T17:24:00.000-04:00,17,60
-14400000,1726522020000,2024-09-16T17:27:00.000-04:00,20,60
-14400000,1726522200000,2024-09-16T17:30:00.000-04:00,14,60
-14400000,1726522380000,2024-09-16T17:33:00.000-04:00,17,60
-14400000,1726522560000,2024-09-16T17:36:00.000-04:00,17,60
-14400000,1726522740000,2024-09-16T17:39:00.000-04:00,14,60
-14400000,1726522920000,2024-09-16T17:42:00.000-04:00,16,60
-14400000,1726523100000,2024-09-16T17:45:00.000-04:00,15,60
-14400000,1726523280000,2024-09-16T17:48:00.000-04:00,15,60
-14400000,1726523460000,2024-09-16T17:51:00.000-04:00,16,60
-14400000,1726523640000,2024-09-16T17:54:00.000-04:00,15,60
-14400000,1726523820000,2024-09-16T17:57:00.000-04:00,17,60
-14400000,1726524000000,2024-09-16T18:00:00.000-04:00,-2,60
-14400000,1726524180000,2024-09-16T18:03:00.000-04:00,-2,60
-14400000,1726524360000,2024-09-16T18:06:00.000-04:00,-2,59
-14400000,1726524540000,2024-09-16T18:09:00.000-04:00,-2,59
-14400000,1726524720000,2024-09-16T18:12:00.000-04:00,-2,59
-14400000,1726524900000,2024-09-16T18:15:00.000-04:00,-2,59
-14400000,1726525080000,2024-09-16T18:18:00.000-04:00,-1,59
-14400000,1726525260000,2024-09-16T18:21:00.000-04:00,-2,58
-14400000,1726525440000,2024-09-16T18:24:00.000-04:00,-2,58
-14400000,1726525620000,2024-09-16T18:27:00.000-04:00,-2,58
-14400000,1726525800000,2024-09-16T18:30:00.000-04:00,-2,58
-14400000,1726525980000,2024-09-16T18:33:00.000-04:00,-2,56
-14400000,1726526160000,2024-09-16T18:36:00.000-04:00,-2,56
-14400000,1726526340000,2024-09-16T18:39:00.000-04:00,-2,56
-14400000,1726526520000,2024-09-16T18:42:00.000-04:00,-1,56
-14400000,1726526700000,2024-09-16T18:45:00.000-04:00,-1,55
-14400000,1726526880000,2024-09-16T18:48:00.000-04:00,-2,55
-14400000,1726527060000,2024-09-16T18:51:00.000-04:00,-2,55
-14400000,1726527240000,2024-09-16T18:54:00.000-04:00,-2,55
-14400000,1726527420000,2024-09-16T18:57:00.000-04:00,-2,54
-14400000,1726527600000,2024-09-16T19:00:00.000-04:00,58,54
-14400000,1726528680000,2024-09-16T19:18:00.000-04:00,-1,53
-14400000,1726528860000,2024-09-16T19:21:00.000-04:00,-1,53
-14400000,1726529040000,2024-09-16T19:24:00.000-04:00,-1,53
-14400000,1726529220000,2024-09-16T19:27:00.000-04:00,20,52
-14400000,1726529400000,2024-09-16T19:30:00.000-04:00,24,52
-14400000,1726529580000,2024-09-16T19:33:00.000-04:00,24,52
-14400000,1726529760000,2024-09-16T19:36:00.000-04:00,25,52
-14400000,1726529940000,2024-09-16T19:39:00.000-04:00,25,51
-14400000,1726530120000,2024-09-16T19:42:00.000-04:00,23,51
-14400000,1726530300000,2024-09-16T19:45:00.000-04:00,25,51
-14400000,1726530480000,2024-09-16T19:48:00.000-04:00,24,51
-14400000,1726530660000,2024-09-16T19:51:00.000-04:00,37,51
-14400000,1726533360000,2024-09-16T20:36:00.000-04:00,-1,
-14400000,1726533540000,2024-09-16T20:39:00.000-04:00,-1,
-14400000,1726533720000,2024-09-16T20:42:00.000-04:00,-1,
-14400000,1726533900000,2024-09-16T20:45:00.000-04:00,-1,
-14400000,1726534080000,2024-09-16T20:48:00.000-04:00,-1,
-14400000,1726534260000,2024-09-16T20:51:00.000-04:00,-1,
-14400000,1726534440000,2024-09-16T20:54:00.000-04:00,-1,
-14400000,1726534620000,2024-09-16T20:57:00.000-04:00,-1,
-14400000,1726534800000,2024-09-16T21:00:00.000-04:00,-1,
-14400000,1726534980000,2024-09-16T21:03:00.000-04:00,-1,
-14400000,1726535160000,2024-09-16T21:06:00.000-04:00,-1,
-14400000,1726535340000,2024-09-16T21:09:00.000-04:00,-1,
-14400000,1726535520000,2024-09-16T21:12:00.000-04:00,-1,
-14400000,1726535700000,2024-09-16T21:15:00.000-04:00,-1,
-14400000,1726535880000,2024-09-16T21:18:00.000-04:00,-1,
-14400000,1726536060000,2024-09-16T21:21:00.000-04:00,-1,
-14400000,1726536240000,2024-09-16T21:24:00.000-04:00,-1,
-14400000,1726536420000,2024-09-16T21:27:00.000-04:00,-1,
-14400000,1726536600000,2024-09-16T21:30:00.000-04:00,-1,
-14400000,1726536780000,2024-09-16T21:33:00.000-04:00,-1,
-14400000,1726536960000,2024-09-16T21:36:00.000-04:00,-1,
-14400000,1726537140000,2024-09-16T21:39:00.000-04:00,-1,
-14400000,1726537320000,2024-09-16T21:42:00.000-04:00,-1,
-14400000,1726537500000,2024-09-16T21:45:00.000-04:00,-1,
-14400000,1726537680000,2024-09-16T21:48:00.000-04:00,-1,
-14400000,1726537860000,2024-09-16T21:51:00.000-04:00,-1,
-14400000,1726538040000,2024-09-16T21:54:00.000-04:00,-1,
-14400000,1726538220000,2024-09-16T21:57:00.000-04:00,-1,
-14400000,1726538400000,2024-09-16T22:00:00.000-04:00,-1,
-14400000,1726538580000,2024-09-16T22:03:00.000-04:00,-1,
-14400000,1726538760000,2024-09-16T22:06:00.000-04:00,-1,
-14400000,1726538940000,2024-09-16T22:09:00.000-04:00,-1,
-14400000,1726539120000,2024-09-16T22:12:00.000-04:00,-1,
-14400000,1726539300000,2024-09-16T22:15:00.000-04:00,-1,
-14400000,1726539480000,2024-09-16T22:18:00.000-04:00,-1,
-14400000,1726539660000,2024-09-16T22:21:00.000-04:00,-1,
-14400000,1726539840000,2024-09-16T22:24:00.000-04:00,-1,
-14400000,1726540020000,2024-09-16T22:27:00.000-04:00,-1,
-14400000,1726540200000,2024-09-16T22:30:00.000-04:00,-1,
-14400000,1726540380000,2024-09-16T22:33:00.000-04:00,-1,
-14400000,1726540560000,2024-09-16T22:36:00.000-04:00,-1,
-14400000,1726540740000,2024-09-16T22:39:00.000-04:00,-1,
-14400000,1726540920000,2024-09-16T22:42:00.000-04:00,-1,
-14400000,1726541100000,2024-09-16T22:45:00.000-04:00,-1,
-14400000,1726541280000,2024-09-16T22:48:00.000-04:00,-1,
-14400000,1726541460000,2024-09-16T22:51:00.000-04:00,-1,
-14400000,1726541640000,2024-09-16T22:54:00.000-04:00,-1,
-14400000,1726541820000,2024-09-16T22:57:00.000-04:00,-1,
-14400000,1726542000000,2024-09-16T23:00:00.000-04:00,-1,
-14400000,1726542180000,2024-09-16T23:03:00.000-04:00,-1,
-14400000,1726542360000,2024-09-16T23:06:00.000-04:00,-1,
-14400000,1726542540000,2024-09-16T23:09:00.000-04:00,-1,
-14400000,1726542720000,2024-09-16T23:12:00.000-04:00,-1,
-14400000,1726542900000,2024-09-16T23:15:00.000-04:00,-1,
-14400000,1726543080000,2024-09-16T23:18:00.000-04:00,-1,
-14400000,1726543260000,2024-09-16T23:21:00.000-04:00,-1,
-14400000,1726543440000,2024-09-16T23:24:00.000-04:00,-1,
-14400000,1726543620000,2024-09-16T23:27:00.000-04:00,-1,
-14400000,1726543800000,2024-09-16T23:30:00.000-04:00,-1,
-14400000,1726543980000,2024-09-16T23:33:00.000-04:00,-1,
-14400000,1726544160000,2024-09-16T23:36:00.000-04:00,-1,
-14400000,1726544340000,2024-09-16T23:39:00.000-04:00,-1,
-14400000,1726544520000,2024-09-16T23:42:00.000-04:00,-1,
-14400000,1726544700000,2024-09-16T23:45:00.000-04:00,-1,
-14400000,1726544880000,2024-09-16T23:48:00.000-04:00,-1,
-14400000,1726545060000,2024-09-16T23:51:00.000-04:00,-1,
-14400000,1726545240000,2024-09-16T23:54:00.000-04:00,-1,
-14400000,1726545420000,2024-09-16T23:57:00.000-04:00,-1,